<?xml version="1.0" encoding="UTF-8"?>
<GenRun Id="synth_1" LaunchPart="xc7a35tcpg236-1" LaunchTime="1649001652">
  <File Type="PA-TCL" Name="Top_Student.tcl"/>
  <File Type="REPORTS-TCL" Name="Top_Student_reports.tcl"/>
  <File Type="RDS-RDS" Name="Top_Student.vds"/>
  <File Type="RDS-UTIL" Name="Top_Student_utilization_synth.rpt"/>
  <File Type="RDS-UTIL-PB" Name="Top_Student_utilization_synth.pb"/>
  <File Type="RDS-DCP" Name="Top_Student.dcp"/>
  <FileSet Name="sources" Type="DesignSrcs" RelSrcDir="$PSRCDIR/sources_1">
    <Filter Type="Srcs"/>
    <File Path="$PSRCDIR/sources_1/new/Audio_Capture.v">
      <FileInfo>
        <Attr Name="ImportPath" Val="$PPRDIR/../../../../SoundDisplay.srcs/sources_1/new/Audio_Capture.v"/>
        <Attr Name="ImportTime" Val="1570395503"/>
        <Attr Name="UsedIn" Val="synthesis"/>
        <Attr Name="UsedIn" Val="implementation"/>
        <Attr Name="UsedIn" Val="simulation"/>
      </FileInfo>
    </File>
    <File Path="$PSRCDIR/sources_1/new/Oled_Display.v">
      <FileInfo>
        <Attr Name="ImportPath" Val="$PPRDIR/../../../../SoundDisplay.srcs/sources_1/new/Oled_Display.v"/>
        <Attr Name="ImportTime" Val="1570395512"/>
        <Attr Name="UsedIn" Val="synthesis"/>
        <Attr Name="UsedIn" Val="implementation"/>
        <Attr Name="UsedIn" Val="simulation"/>
      </FileInfo>
    </File>
    <File Path="$PSRCDIR/sources_1/new/flexible_clk.v">
      <FileInfo>
        <Attr Name="ImportPath" Val="$PPRDIR/../../../../SoundDisplay.srcs/sources_1/new/flexible_clk.v"/>
        <Attr Name="ImportTime" Val="1646652162"/>
        <Attr Name="UsedIn" Val="synthesis"/>
        <Attr Name="UsedIn" Val="implementation"/>
        <Attr Name="UsedIn" Val="simulation"/>
      </FileInfo>
    </File>
    <File Path="$PSRCDIR/sources_1/new/oscillations.v">
      <FileInfo>
        <Attr Name="ImportPath" Val="$PPRDIR/../../../../SoundDisplay.srcs/sources_1/new/oscillations.v"/>
        <Attr Name="ImportTime" Val="1648996986"/>
        <Attr Name="UsedIn" Val="synthesis"/>
        <Attr Name="UsedIn" Val="implementation"/>
        <Attr Name="UsedIn" Val="simulation"/>
      </FileInfo>
    </File>
    <File Path="$PSRCDIR/sources_1/new/vol_indicator.v">
      <FileInfo>
        <Attr Name="ImportPath" Val="$PPRDIR/../../../../SoundDisplay.srcs/sources_1/new/vol_indicator.v"/>
        <Attr Name="ImportTime" Val="1648955452"/>
        <Attr Name="UsedIn" Val="synthesis"/>
        <Attr Name="UsedIn" Val="implementation"/>
        <Attr Name="UsedIn" Val="simulation"/>
      </FileInfo>
    </File>
    <File Path="$PSRCDIR/sources_1/new/workout_buddy.v">
      <FileInfo>
        <Attr Name="ImportPath" Val="$PPRDIR/../../../../SoundDisplay.srcs/sources_1/new/workout_buddy.v"/>
        <Attr Name="ImportTime" Val="1649001647"/>
        <Attr Name="UsedIn" Val="synthesis"/>
        <Attr Name="UsedIn" Val="implementation"/>
        <Attr Name="UsedIn" Val="simulation"/>
      </FileInfo>
    </File>
    <File Path="$PSRCDIR/sources_1/new/Top_Student.v">
      <FileInfo>
        <Attr Name="ImportPath" Val="$PPRDIR/../../../../SoundDisplay.srcs/sources_1/new/Top_Student.v"/>
        <Attr Name="ImportTime" Val="1570395690"/>
        <Attr Name="UsedIn" Val="synthesis"/>
        <Attr Name="UsedIn" Val="implementation"/>
        <Attr Name="UsedIn" Val="simulation"/>
      </FileInfo>
    </File>
    <File Path="$PSRCDIR/sources_1/imports/SoundDisplay/wallsit1.mem">
      <FileInfo>
        <Attr Name="ImportPath" Val="$PPRDIR/../../../../SoundDisplay.srcs/sources_1/imports/SoundDisplay/wallsit1.mem"/>
        <Attr Name="ImportTime" Val="1648976785"/>
        <Attr Name="UsedIn" Val="synthesis"/>
        <Attr Name="UsedIn" Val="simulation"/>
      </FileInfo>
    </File>
    <File Path="$PSRCDIR/sources_1/imports/SoundDisplay/difficulty_menu.mem">
      <FileInfo>
        <Attr Name="ImportPath" Val="$PPRDIR/../../../../SoundDisplay.srcs/sources_1/imports/SoundDisplay/difficulty_menu.mem"/>
        <Attr Name="ImportTime" Val="1648976785"/>
        <Attr Name="UsedIn" Val="synthesis"/>
        <Attr Name="UsedIn" Val="simulation"/>
      </FileInfo>
    </File>
    <File Path="$PSRCDIR/sources_1/imports/SoundDisplay/dontgiveup.mem">
      <FileInfo>
        <Attr Name="ImportPath" Val="$PPRDIR/../../../../SoundDisplay.srcs/sources_1/imports/SoundDisplay/dontgiveup.mem"/>
        <Attr Name="ImportTime" Val="1648976785"/>
        <Attr Name="UsedIn" Val="synthesis"/>
        <Attr Name="UsedIn" Val="simulation"/>
      </FileInfo>
    </File>
    <File Path="$PSRCDIR/sources_1/imports/SoundDisplay/kneebent1.mem">
      <FileInfo>
        <Attr Name="ImportPath" Val="$PPRDIR/../../../../SoundDisplay.srcs/sources_1/imports/SoundDisplay/kneebent1.mem"/>
        <Attr Name="ImportTime" Val="1648976784"/>
        <Attr Name="UsedIn" Val="synthesis"/>
        <Attr Name="UsedIn" Val="simulation"/>
      </FileInfo>
    </File>
    <File Path="$PSRCDIR/sources_1/imports/SoundDisplay/pushup0.mem">
      <FileInfo>
        <Attr Name="ImportPath" Val="$PPRDIR/../../../../SoundDisplay.srcs/sources_1/imports/SoundDisplay/pushup0.mem"/>
        <Attr Name="ImportTime" Val="1648976785"/>
        <Attr Name="UsedIn" Val="synthesis"/>
        <Attr Name="UsedIn" Val="simulation"/>
      </FileInfo>
    </File>
    <File Path="$PSRCDIR/sources_1/imports/SoundDisplay/lunges1.mem">
      <FileInfo>
        <Attr Name="ImportPath" Val="$PPRDIR/../../../../SoundDisplay.srcs/sources_1/imports/SoundDisplay/lunges1.mem"/>
        <Attr Name="ImportTime" Val="1648976785"/>
        <Attr Name="UsedIn" Val="synthesis"/>
        <Attr Name="UsedIn" Val="simulation"/>
      </FileInfo>
    </File>
    <File Path="$PSRCDIR/sources_1/imports/SoundDisplay/squats0.mem">
      <FileInfo>
        <Attr Name="ImportPath" Val="$PPRDIR/../../../../SoundDisplay.srcs/sources_1/imports/SoundDisplay/squats0.mem"/>
        <Attr Name="ImportTime" Val="1648976785"/>
        <Attr Name="UsedIn" Val="synthesis"/>
        <Attr Name="UsedIn" Val="simulation"/>
      </FileInfo>
    </File>
    <File Path="$PSRCDIR/sources_1/imports/SoundDisplay/congratulations.mem">
      <FileInfo>
        <Attr Name="ImportPath" Val="$PPRDIR/../../../../SoundDisplay.srcs/sources_1/imports/SoundDisplay/congratulations.mem"/>
        <Attr Name="ImportTime" Val="1648976785"/>
        <Attr Name="UsedIn" Val="synthesis"/>
        <Attr Name="UsedIn" Val="simulation"/>
      </FileInfo>
    </File>
    <File Path="$PSRCDIR/sources_1/imports/SoundDisplay/sidekick1.mem">
      <FileInfo>
        <Attr Name="ImportPath" Val="$PPRDIR/../../../../SoundDisplay.srcs/sources_1/imports/SoundDisplay/sidekick1.mem"/>
        <Attr Name="ImportTime" Val="1648976785"/>
        <Attr Name="UsedIn" Val="synthesis"/>
        <Attr Name="UsedIn" Val="simulation"/>
      </FileInfo>
    </File>
    <File Path="$PSRCDIR/sources_1/imports/SoundDisplay/bodyparts.mem">
      <FileInfo>
        <Attr Name="ImportPath" Val="$PPRDIR/../../../../SoundDisplay.srcs/sources_1/imports/SoundDisplay/bodyparts.mem"/>
        <Attr Name="ImportTime" Val="1648999463"/>
        <Attr Name="UsedIn" Val="synthesis"/>
        <Attr Name="UsedIn" Val="simulation"/>
      </FileInfo>
    </File>
    <File Path="$PSRCDIR/sources_1/imports/SoundDisplay/jumpingjack1.mem">
      <FileInfo>
        <Attr Name="ImportPath" Val="$PPRDIR/../../../../SoundDisplay.srcs/sources_1/imports/SoundDisplay/jumpingjack1.mem"/>
        <Attr Name="ImportTime" Val="1648976784"/>
        <Attr Name="UsedIn" Val="synthesis"/>
        <Attr Name="UsedIn" Val="simulation"/>
      </FileInfo>
    </File>
    <File Path="$PSRCDIR/sources_1/imports/SoundDisplay/dips0.mem">
      <FileInfo>
        <Attr Name="ImportPath" Val="$PPRDIR/../../../../SoundDisplay.srcs/sources_1/imports/SoundDisplay/dips0.mem"/>
        <Attr Name="ImportTime" Val="1648976785"/>
        <Attr Name="UsedIn" Val="synthesis"/>
        <Attr Name="UsedIn" Val="simulation"/>
      </FileInfo>
    </File>
    <File Path="$PSRCDIR/sources_1/imports/SoundDisplay/pelvic1.mem">
      <FileInfo>
        <Attr Name="ImportPath" Val="$PPRDIR/../../../../SoundDisplay.srcs/sources_1/imports/SoundDisplay/pelvic1.mem"/>
        <Attr Name="ImportTime" Val="1648976785"/>
        <Attr Name="UsedIn" Val="synthesis"/>
        <Attr Name="UsedIn" Val="simulation"/>
      </FileInfo>
    </File>
    <File Path="$PSRCDIR/sources_1/imports/SoundDisplay/lunges0.mem">
      <FileInfo>
        <Attr Name="ImportPath" Val="$PPRDIR/../../../../SoundDisplay.srcs/sources_1/imports/SoundDisplay/lunges0.mem"/>
        <Attr Name="ImportTime" Val="1648976785"/>
        <Attr Name="UsedIn" Val="synthesis"/>
        <Attr Name="UsedIn" Val="simulation"/>
      </FileInfo>
    </File>
    <File Path="$PSRCDIR/sources_1/imports/SoundDisplay/pushup1.mem">
      <FileInfo>
        <Attr Name="ImportPath" Val="$PPRDIR/../../../../SoundDisplay.srcs/sources_1/imports/SoundDisplay/pushup1.mem"/>
        <Attr Name="ImportTime" Val="1648976785"/>
        <Attr Name="UsedIn" Val="synthesis"/>
        <Attr Name="UsedIn" Val="simulation"/>
      </FileInfo>
    </File>
    <File Path="$PSRCDIR/sources_1/imports/SoundDisplay/kneebent0.mem">
      <FileInfo>
        <Attr Name="ImportPath" Val="$PPRDIR/../../../../SoundDisplay.srcs/sources_1/imports/SoundDisplay/kneebent0.mem"/>
        <Attr Name="ImportTime" Val="1648976784"/>
        <Attr Name="UsedIn" Val="synthesis"/>
        <Attr Name="UsedIn" Val="simulation"/>
      </FileInfo>
    </File>
    <File Path="$PSRCDIR/sources_1/imports/SoundDisplay/wallsit0.mem">
      <FileInfo>
        <Attr Name="ImportPath" Val="$PPRDIR/../../../../SoundDisplay.srcs/sources_1/imports/SoundDisplay/wallsit0.mem"/>
        <Attr Name="ImportTime" Val="1648976785"/>
        <Attr Name="UsedIn" Val="synthesis"/>
        <Attr Name="UsedIn" Val="simulation"/>
      </FileInfo>
    </File>
    <File Path="$PSRCDIR/sources_1/imports/SoundDisplay/jumpingjack0.mem">
      <FileInfo>
        <Attr Name="ImportPath" Val="$PPRDIR/../../../../SoundDisplay.srcs/sources_1/imports/SoundDisplay/jumpingjack0.mem"/>
        <Attr Name="ImportTime" Val="1648976785"/>
        <Attr Name="UsedIn" Val="synthesis"/>
        <Attr Name="UsedIn" Val="simulation"/>
      </FileInfo>
    </File>
    <File Path="$PSRCDIR/sources_1/imports/SoundDisplay/pelvic0.mem">
      <FileInfo>
        <Attr Name="ImportPath" Val="$PPRDIR/../../../../SoundDisplay.srcs/sources_1/imports/SoundDisplay/pelvic0.mem"/>
        <Attr Name="ImportTime" Val="1648976785"/>
        <Attr Name="UsedIn" Val="synthesis"/>
        <Attr Name="UsedIn" Val="simulation"/>
      </FileInfo>
    </File>
    <File Path="$PSRCDIR/sources_1/imports/SoundDisplay/dips1.mem">
      <FileInfo>
        <Attr Name="ImportPath" Val="$PPRDIR/../../../../SoundDisplay.srcs/sources_1/imports/SoundDisplay/dips1.mem"/>
        <Attr Name="ImportTime" Val="1648976785"/>
        <Attr Name="UsedIn" Val="synthesis"/>
        <Attr Name="UsedIn" Val="simulation"/>
      </FileInfo>
    </File>
    <File Path="$PSRCDIR/sources_1/imports/SoundDisplay/getready.mem">
      <FileInfo>
        <Attr Name="ImportPath" Val="$PPRDIR/../../../../SoundDisplay.srcs/sources_1/imports/SoundDisplay/getready.mem"/>
        <Attr Name="ImportTime" Val="1648976785"/>
        <Attr Name="UsedIn" Val="synthesis"/>
        <Attr Name="UsedIn" Val="simulation"/>
      </FileInfo>
    </File>
    <File Path="$PSRCDIR/sources_1/imports/SoundDisplay/sidekick0.mem">
      <FileInfo>
        <Attr Name="ImportPath" Val="$PPRDIR/../../../../SoundDisplay.srcs/sources_1/imports/SoundDisplay/sidekick0.mem"/>
        <Attr Name="ImportTime" Val="1648976785"/>
        <Attr Name="UsedIn" Val="synthesis"/>
        <Attr Name="UsedIn" Val="simulation"/>
      </FileInfo>
    </File>
    <File Path="$PSRCDIR/sources_1/imports/SoundDisplay/squats1.mem">
      <FileInfo>
        <Attr Name="ImportPath" Val="$PPRDIR/../../../../SoundDisplay.srcs/sources_1/imports/SoundDisplay/squats1.mem"/>
        <Attr Name="ImportTime" Val="1648976785"/>
        <Attr Name="UsedIn" Val="synthesis"/>
        <Attr Name="UsedIn" Val="simulation"/>
      </FileInfo>
    </File>
    <Config>
      <Option Name="DesignMode" Val="RTL"/>
      <Option Name="TopModule" Val="Top_Student"/>
      <Option Name="TopAutoSet" Val="TRUE"/>
    </Config>
  </FileSet>
  <FileSet Name="constrs_in" Type="Constrs" RelSrcDir="$PSRCDIR/constrs_1">
    <Filter Type="Constrs"/>
    <File Path="$PSRCDIR/constrs_1/new/Basys3_Master.xdc">
      <FileInfo>
        <Attr Name="ImportPath" Val="$PPRDIR/../../../../SoundDisplay.srcs/constrs_1/new/Basys3_Master.xdc"/>
        <Attr Name="ImportTime" Val="1570394606"/>
        <Attr Name="UsedIn" Val="synthesis"/>
        <Attr Name="UsedIn" Val="implementation"/>
      </FileInfo>
    </File>
    <Config>
      <Option Name="ConstrsType" Val="XDC"/>
    </Config>
  </FileSet>
  <Strategy Version="1" Minor="2">
    <StratHandle Name="Vivado Synthesis Defaults" Flow="Vivado Synthesis 2018"/>
    <Step Id="synth_design"/>
  </Strategy>
</GenRun>
